,ADMM,PGD,DRS
ADMM,0.0,0.0030364990234375,0.077728271484375
PGD,0.0030364990234375,0.0,0.0771942138671875
DRS,0.077728271484375,0.0771942138671875,0.0
