,ADMM,PGD,DRS,HQS
ADMM - 26.077676319860743dB,inf,66.51531984784536,52.8245805738204,39.77901151158743
PGD - 26.08104994275503dB,66.51531984784536,inf,52.6938991782897,39.79034533479147
DRS - 26.0708408591979dB,52.8245805738204,52.6938991782897,inf,39.519475006841944
HQS - 25.863161587499903dB,39.77901151158743,39.79034533479147,39.519475006841944,inf
